video/mp4,video
application/javascript+jsonp,json
application/opensearchdescription+xml,application
image/pngimage/png,image
application/x-quicktime-response,application
image/com/dng8fdn30ix88-jr5vc2gezrnvx9oxv4mt7cwb7g5e8l9sc4_aqclaksxqy9esbqtc8=w300,image
image/com/upload/ktis9xlr65veqkbnyao6,image
img/png,image
jpg,image
"application/json, charset=utf-8",json
application/jsonapplication/json,json
plain/text,text
application/font-sfnt,font
"application/javascript, */*",javascript
application/sql+xray,application
image/x-ms-bmp,image
application/x-httpd-php5,application
application/x-protobuf,application
application/vnd.ogc.se_xml,application
application/text/plain,text
application/x-suggestions+xml,application
image/tmw-max,image
application/x-javascript,javascript
application/x-tar,application
application/vnd.google.safebrowsing-update,application
application/x-protobuffer,application
application/vnd.oasis.opendocument.formula-template,application
video/f4f,video
application/sqlite,application
content-type: image/gif,image
audio/mpeg,audio
application/problem+json,json
application/x-www-form-urlencoded,application
audio/mid,audio
application/rss+xml,application
image/svg+xml,image
font/eot,font
audio/mpegurl,audio
application/x-amz-json-1.0,application
image/icon,image
image/svg,image
image/x-png,image
application/x-apple-aspen-config,application
image/uub apron1.png,image
application/x-gzip,application
text/vtt,text
font/otf,font
text/x-cross-domain-policy,text
application/vnd.ms-sync.wbxml,application
binary/encrypted,binary
text/x-js,text
text/htmltext/plain,text
application/x-rss+xml,application
audio/ogg,audio
application/x-bingclient-app,application
application/clos,application
images/gif,image
application/x-bzip2,application
application/hal+json,application
jpeg,image
video/mpeg4,video
application/x-flurry,application
application/vnd.ms-cab-compressed,application
video/abst,video
httpd/unix-directory,application
audio/x-wav,audio
application/x-enc-ffl,application
application/octet-streamapplication/octet-stream,application
gexin,application
ht/binary,binary
text/event-stream,text
application/x-stream,application
text/x-zimbra-delimitted-fields,text
multipart/mixed,multipart
x-font/ttf,font
application/octet-stream,application
application/x-musicnotes,application
application/vnd.ms-powerpoint,application
application/octet-streamapplication/javascript,javascript
application/vnd.ms-pki.seccat,application
text/vnd.flyordie.jz,text
application/x-shockwave-flash,application
video/3gpp,video
"text/html, application/xhtml+xml, */*",text
audio/mpeg,audio
charset=utf-8,text
application/json+oembed,application
text/ht,text
text/xml,text
application/vnd.steelhouse-v1.0+json,application
application/vnd.ammp.egress.1+json,application
application/ttaf+xml,application
none,none
text/ping,text
application/x-javascript,javascript
x-font-ttf,font
images/jpeg,image
#<mime::nulltype:0x007f31792f2338>,text
application/x-tpeg-traffic,application
application/octet-stream charset=utf-8,application
application/vnd.openxmlformats-officedocument.spreadsheetml.sheet,application
application/x-fcs,application
application/octet-streamapplication/x-javascript,javascript
application/plain,application
video/webm,video
application/vnd.sun.wadl+xml,application
application/x-httpd-php,application
application/alpha-inf,application
application/x-ns-proxy-autoconfig,application
unknown,none
application/x-msdos-program,application
application/vnd.google.safebrowsing-chunk,application
"audio/mpeg,application/octet-stream",audio
application/x-www-form-urlencodedapplication/json,application
"video/webm,video/ogg,video/*",video
text/plain,text
text/json charset=utf-8,json
application/x-spiral-fcmp,application
application/x-font-ttf,application
js,javascript
video/quicktime,video
gif,image
application/x-steam-chunk,application
"text/xml, charset=utf-8",text
video/unknown,video
image/jepg,image
application/xml,application
application/ocsp-response,application
content-type: application/octet-stream,application
application/vnd.apple.mpegurl,application
"text/css,*/*",text
font/ttf,font
application/ttf,application
image/g,Image
content-type: image/png,Image
application/x-tex,application
application/x-tlv,application
application/smil,application
application/atom+xml,application
application/vnd.lookout.policy,application
image/ico,image
application/x-pkcs7-mime,application
text/x-javascript,javascript
application/x-gn-message,application
application/protobuf,application
application/vnd.kafka.v1+json,application
application/x-font-woff2,application
text / plain,text
application/x-octolog,application
application/vnd.openxmlformats-officedocument.presentationml.presentation,application
text/xml,text
application/text,text
application/x-php,application
text/cross-domain-policy,text
text/htmltext/htmltext/htmltext/htmltext/html,text
application/x-info,application
application/lua-xzp,application
application/text/xml,text
application/dash+xml,application
application/woff2,application
application-json,json
application/encoded-json,json
video/x-mng,video
image/com/fky_erzzo2hizerxcvtx1day0cac47qe8vofzcac4ld-ovt2l6lwdotmbnhggiixauc=w300,image
inode/x-empty,application
application/x-apple-diskimage,application
application/,application
image\jpeg,image
text/xml charset=utf-8,text
application/directx,application
video/acvs-h264,video
application/octetstream,application
file/unknown,application
audio/mp4 m4a,audio
text/x-handlebars-template,text
application/pairing+tlv8,application
text/wpl2,text
applation/octet-stream,application
application/soap+xml,application
image/hevc,image
application/epub+zip,application
json/application,json
baiduapp/json,json
text/x-json,json
envelope/json,json
text/csstext/css,text
json,json
audio%2fmpeg,audio
audio/mp4,audio
application/x-enc-sb,application
text/css,text
text/oml,text
application/xml+phl,application
video/x-motion-jpeg,video
text/plaintext/plain,text
text/vbscript,text
aplication/x-msdict-record,application
text/vcard,text
text/csv,text
application/force-download,application
text/jpg,image
image/com/sucrm1ciccsd3tugvvwhoxr1kafta609jjcrh3dm9thj8zuqyhkli0-bquoofbq8pfrr=w300,image
image/com/t7ywk790vn-qme2yiou8q7packo5ytvzxvpeklb2gqbqukpsc2sojdftnircz9xlma=w300,image
application/javascript,javascript
application/javscript,javascript
audio/wav,audio
application/gl-stream,application
application/font-woff2,application
video/ogg,video
application/font-woff,application
text/srt,text
application/octet-streamapplication/json,application
image/pjpeg,image
video/x-fvm,video
application/vnd.sonymobile.select+app+game+json,application
application/x-yaml,application
application/x-enc,application
"application/zip, application/octet-stream",application
text/htmltext/htmltext/htmltext/html,text
application/x-javascript,javascript
application/x-font-woff,font
application/vnd.ms-sync,application
application/dibic,application
image/sharpp,image
image/text,image
bin/bin,none
application/rss+xml,application
application/thrift,application
video/x-flv,video
application/pkcs7-mime,application
image/vnd.ms-photo,image
image/com/bja2yqgpll2nu6pl2x1ns6olf2ac3e1tguipobz-iacipw_smc5l-tpqt-fvec_cmbw=w300,image
application/v1.3+xml,application
#<mime::nulltype:0x000000054d0530>,text
text/vnd.wap.wml,text
application/sophos,application
application/x+javascript,javascript
"text/plain, charset=utf8",text
application/octet-streamtext/plain,application
script/javascript,javascript
im,image
suggestion/json,json
application/xml,application
audio/x-m4p,audio
png,image
x-font/eot,font
video/f4m,video
audio/mpegapplication/octet-stream,audio
text/plainapplication/x-ns-proxy-autoconfig,text
#<mime::nulltype:0x007f317a6787b8>,text
image/svg+xml,image
application/vnd.microsoft.rtc.autodiscover+xml,application
application/mp4,audio
application/rdf+xm,application
audio/x-m4a,audio
application/x-binary,application
application/x-perl,application
text/htmltext/plaintext/plaintext/plaintext/plaintext/plain,text
application/pkix-crl,application
application/octet,application
content/unknown,none
image/x-xbm,image
application/vnd.spotfire.dxp,application
text/html,text
text/ecmascript,text
application/font-ttf,font
application/x-pki-message,application
s3object,application
x-json,json
"application/json,application/json",application
text/html,text
content-type: image/gif,image
unknown/unknown,none
text/x-markdown,text
application/vnd.ms-excel,application
application/download,application
application/vnd.ll.mesh,application
image/x-j2c,image
image/vnd.wap.wbmp,image
application/soap+msbin1,application
application/msword,application
application/catdaddybinary,application
image/agent,image
application:json,json
app,application
application/ics,application
application/multipart-formdata,multipart
binary/octet-stream,binary
image/wxpc,image
text/comma-separated-values,text
image/webp,image
application/x-rtsp-tunnelled,application
te,text
application/x-sqlite3,application
json/json,json
text/text,text
text/css,text
application/x-suggestions+json,json
application/javascriptapplication/x-javascript,javascript
application/pkix-cert,application
multipart/x-mixed-replace,multipart
audio/mpeg3,audio
audio/x-aac,audio
audio/audible-sample,audio
text/javascripttext/javascript,javascript
application/x-font-opentype,font
x-application/hessian,application
image/png,image
image/bmp,image
text/htmlapplication/json,json
application/octet-streamtext/plain charset=utf-8,application
application/postscript,application
application/dlink-inf,application
audio/m4a,audio
application/cb-encrypted,application
application/x-vudu-bin-note,application
text/cache-manifest,text
application/x-font-otf,font
image/x-amz-pkmz,image
text/javascript,javascript
text/xmltext/xml,text
application/vnd.apple.pkpass,application
"image/webp, webp, webp",application
application/html,application
application/fontwoff2,application
multipart/form-data,multipart
text/htmlapplication/javascript,javascript
application/ocsp-request,application
video/x-ms-asf,video
application/cj,application
application/x-woff2,application
"text/html,application/xhtml+xml,application/xml",text
application/vnd.api+json,json
application/binary,binary
application/gzip,application
application/pdf,application
application/x-tgif,image
image/giftext/html,image
application/x-deb,application
audio/amr,audio
application/javascripttext/javascript,javascript
textml,text
application/x-www-form-urlencodedapplication/x-www-form-urlencoded,application
multipart/related,multipart
font/opentype,font
application/vnd.dsc,application
application/x-plis,application
application/vnd.api.v3+json,json
application/octet-streamimage/jpeg,image
application/x-chrome-extension,application
audio/x-caf,audio
application/x-bin,application
application/x-ms-manifest,application
images/svg+xml,image
application/vnd.google.octet-stream-compressible,application
application/x-javascriptapplication/x-javascript,javascript
application/x-mpegurl,audio
audio/x-mpegurl,audio
application/x-zip-compressed,application
application/x-msi,application
video/youtube,video
encrypted/json,json
image/gi,image
audio/aac,audio
font/x-woff2,font
video,video
application/x-msdownload,application
image/png,image
x-font/woff,font
mes encrypted file,application
application/encrypted,application
application/x-java-archive,application
application/x-javascript,javascript
image/x-ico,image
text/htmltext/plaintext/plaintext/plaintext/plain,text
woff,font
application/vnd.sequoia+json,json
x-font/otf,font
text/html charset=utf-8,text
application/x-ms-application,application
video/x-m4v,video
application/bellshare-xmlrpc-binary,application
application/x-octet-stream,application
application/json charset=utf-8,json
application/vnd.openxmlformats,application
audio/aacp,audio
application/save,application
audio/midi,audio
application/vnd.adobe.adept+xml,application
audio/scpls,audio
application/x-debian-package,application
application/x-amf,application
audio/vnd.audible.aax,audio
application/json,json
image/gifimage/gif,image
text/ttml,text
application/pdf,application
application/vnd.ms-fontobject,font
application/javascriptapplication/javascript,javascript
application/ndt,application
multipart/mixed,multipart
audio/m4r,audio
image/*,image
image/jp2,image
application/x-directory,application
application/x-sdch-dictionary,application
image/jpp,image
font/truetype,font
text/rtf,text
application/x-troff-man,application
text/esi,text
application/x-bittorrent,application
application/x-font-truetype,font
application/vnd.unity,application
application/opensearchdescription+xml,application
font/woff2,font
multipart/mirage-bag-base64,multipart
audio/isma,audio
text/plain,text
image/jpeg,image
application/unknown,application
application/meraki-tunnel,application
text/xml,text
#<mime::nulltype:0x007f31957ac948>,text
application/microsoftpatch,application
audio/x-scpls,audio
image/jpegtext/html,image
application/x-msl+json,json
application/vnd.wap.mms-message,application
image/raw,image
application/vnd.geo+json,json
application/x-json,json
application/x-7z-compressed,application
application/x-javascript-config,javascript
application/x-netgravity,application
"application/javascript,application/x-javascript,text/javascript",javascript
application/vnd.openxmlformats-officedocument.wordprocessingml.document,application
text/fit,text
font/woff,font
audio/mp4a-latm,audio
application/octet-streamimage/png,application
application/x-bzip,application
image/x-icon,image
application/octet-streamtext/html,application
gzip,application
application/pkix-ca,application
image/gif,image
video/x-msvideo,video
application/x-md5,application
application/vnd.groove-tool-template,application
application/x-font-woff,font
"text/html,text/plain",text
#<mime::nulltype:0x00000009211688>,text
text/octet,text
application/ogg,application
image/,image
application/vnd.adobe.article+zip,application
application/x-xpinstall,application
video/wvm,video
"image/webp,*/*",image
envelope,application
image/jpeg,image
application/jsonp,json
multipart/byteranges,multipart
x-font/woff2,font
text/bin,text
text/javascript,javascript
"video/webm, webm, webm",video
text/htmltext/htmltext/html,text
audio/flac,audio
text,text
application/vnd.ms-opentype,application
application,application
application/flv,application
application/x-jav,application
image/promo,image
application/x-javascript,application
application/octct-stream,application
application/pls+xml,application
video/mpeg,video
application/x-unknown-content-type,application
image/com/upload/wny9tae8asaudriqzed5,image
image/vnd.microsoft.icon,image
,none
text/plain charset=utf-8,text
"application/octet-stream,application/octet-stream",application
image/vnd.ms-dds,image
image\gif,image
text/x-vcard,text
text/html,text
application/x-x509-ca-cert,application
application/x-subrip,application
audio/webm,audio
content_type,application
application/json,json
application/vnd.syncml+wbxml,application
application/json.,json
text/js,javascript
application/x-apple-plist,application
text/htmltext/html,text
application/vnd.android.package-archive,application
application/ecmascript,application
application/zip,application
text/htmltext/htmltext/htmltext/htmltext/htmltext/html,text
video/mp2t,video
application/x-pkcs7-crl,application
woff2 - application/font-woff2,font
application/rdp,application
application/misc,application
text/calendar,text
application/x-woff,font
application/iball,application
image/com/xarftkfncc3jfzbpn8p9d4wqkpvqzl0dak4woccad_89yejibe_g3vv516rr-ukeaxo=w300,image
application/xhtml+xml,application
video/x-ms-wmv,video
application/vnd.google-earth.kmz,application
image/jpeg,image
image,image
application/x-compress,application
application/vnd.apple.installer+xml,application
application/qfn-encoded,application
application/x-prn-download,application
application/yo-seq,application
audio/mp3,audio
*/*,none
application/octet-streamtext/xml,application
application/manifest+json,json
application/x-javascriptapplication/javascript,javascript
application/vnd.google.gdata.error+xml,application
application/x-xz,application
application/*,application
application/f4m+xml,application
"image/webp,image/*,*/*",image
text/x-c,text
application/vnd.hp.cloud.eprint.papi.services.chat.1.1.shortreport+xml,application
audio/x-ms-wma,audio
text/json,json
$content-type,application
2,none
audio/acas,audio
image/jpg,image
application/ttml+xml,application
application/sophos-x,application
text/javascript charset=utf-8,javascript
application/jsonapplication/x-www-form-urlencoded,application
text/json-comment-filtered,json
application/x-ttn-news,application
application/mspowerpoint,application
application/javascript,javascript
text/x-wiki,text
null,none
database/sqlite,application
application/search+j1,application
application/x-ica,application
application/js,javascript
image/tiff,image
application/directory,application
application/dime,application
application/vnd.google-earth.kml+xml,application
application/plist,application
font/x-woff,font
application/x-msgpack,application
multipart/form-data,multipart
application/java-archive,application
text/calendar,text
application/x-thrift,application
"image/*, image/gif",image
application/x-steam-manifest,application